name;code;symbol;salePrice;purchasePrice;
AFGHANISTAN;Afghani;AFN;971.2;3.0;
ÅLAND ISLANDS;Euro;EUR;97.8;2.0;
ALBANIA;Lek;ALL;97.8;2.0;
ALGERIA;Algerian Dinar;DZD;97.8;2.0;
AMERICAN SAMOA;US Dollar;USD;97.8;2.0;
ANDORRA;Euro;EUR;97.8;2.0;
ANGOLA;Kwanza;AOA;9.73;2.0;
ANGUILLA;East Caribbean Dollar;XCD;95.1;2.0;
ANTIGUA AND BARBUDA;East Caribbean Dollar;XCD;95.1;2.0;
ARGENTINA;Argentine Peso;ARS;0.2;2.0;
ARMENIA;Armenian Dram;AMD;05.1;2.0;
ARUBA;Aruban Florin;AWG;53.3;2.0;
AUSTRALIA;Australian Dollar;AUD;03.6;2.0;
AUSTRIA;Euro;EUR;97.8;2.0;
AZERBAIJAN;Azerbaijan Manat;AZN;94.4;2.0;
BAHAMAS;Bahamian Dollar;BSD;04.4;2.0;
BAHRAIN;Bahraini Dinar;BHD;04.8;3;
BANGLADESH;Taka;BDT;0.50;2.0;
BARBADOS;Barbados Dollar;BBD;05.2;2.0;
BELARUS;Belarusian Ruble;BYN;93.3;2.0;
BELGIUM;Euro;EUR;97.8;2.0;
BELIZE;Belize Dollar;BZD;08.4;2.0;
BENIN;CFA Franc BCEAO;XOF;95.2;0.0;
BERMUDA;Bermudian Dollar;BMD;06.0;2.0;
BHUTAN;Indian Rupee;INR;35.6;2.0;
BHUTAN;Ngultrum;BTN;0.64;2.0;
BOLIVIA (PLURINATIONAL STATE OF);Boliviano;BOB;06.8;2.0;
BOLIVIA (PLURINATIONAL STATE OF);Mvdol;BOV;98.4;2.0;
BOSNIA AND HERZEGOVINA;Convertible Mark;BAM;97.7;2.0;
BOTSWANA;Pula;BWP;07.2;2.0;
BOUVET ISLAND;Norwegian Krone;NOK;57.8;2.0;
BRAZIL;Brazilian Real;BRL;98.6;2.0;
BRUNEI DARUSSALAM;Brunei Dollar;BND;0.96;2.0;
BULGARIA;Bulgarian Lev;BGN;97.5;2.0;
BURKINA FASO;CFA Franc BCEAO;XOF;9.52;0.0;
BURUNDI;Burundi Franc;BIF;10.8;0.0;
CABO VERDE;Cabo Verde Escudo;CVE;1.32;2.0;
CAMBODIA;Riel;KHR;11.6;2.0;
CAMEROON;CFA Franc BEAC;XAF;95.0;0.0;
CANADA;Canadian Dollar;CAD;12.4;2.0;
CENTRAL AFRICAN REPUBLIC;CFA Franc BEAC;XAF;9.50;0.0;
CHAD;CFA Franc BEAC;XAF;95.0;0.0;
CHILE;Chilean Peso;CLP;15.2;0.0;
CHILE;Unidad de Fomento;CLF;9.90;4;
CHINA;Yuan Renminbi;CNY;15.6;2.0;
CHRISTMAS ISLAND;Australian Dollar;AUD;036.0;2.0;
COLOMBIA;Colombian Peso;COP;17.0;2.0;
COLOMBIA;Unidad de Valor Real;COU;97.0;2.0;
COMOROS;Comorian Franc ;KMF;17.4;0.0;
Democratic Republic of the Congo;CFA Franc BEAC;XAF;9.50;0.0;
COOK ISLANDS;New Zealand Dollar;NZD;55.4;2.0;
COSTA RICA;Costa Rican Colon;CRC;18.8;2.0;
CÔTE D IVOIRE;CFA Franc BCEAO;XOF;95.2;0.0;
CROATIA;Kuna;HRK;19.1;2.0;
CUBA;Cuban Peso;CUP;19.2;2.0;
CUBA;Peso Convertible;CUC;93.1;2.0;
CURAÇAO;Netherlands Antillean Guilder;ANG;53.2;2.0;
CYPRUS;Euro;EUR;97.8;2.0;
CZECHIA;Czech Koruna;CZK;2.03;2.0;
DENMARK;Danish Krone;DKK;20.8;2.0;
DJIBOUTI;Djibouti Franc;DJF;26.2;0.0;
DOMINICA;East Caribbean Dollar;XCD;9.51;2.0;
DOMINICAN REPUBLIC;Dominican Peso;DOP;2.14;2.0;
ECUADOR;US Dollar;USD;8.40;2.0;
EGYPT;Egyptian Pound;EGP;81.8;2.0;
EL SALVADOR;El Salvador Colon;SVC;2.22;2.0;
EL SALVADOR;US Dollar;USD;84.0;2.0;
EQUATORIAL GUINEA;CFA Franc BEAC;XAF;9.50;0.0;
ERITREA;Nakfa;ERN;2.32;2.0;
ESTONIA;Euro;EUR;97.8;2.0;
ESWATINI;Lilangeni;SZL;7.48;2.0;
ETHIOPIA;Ethiopian Birr;ETB;2.30;2.0;
FAROE ISLANDS;Danish Krone;DKK;20.8;2.0;
FIJI;Fiji Dollar;FJD;24.2;2.0;
FINLAND;Euro;EUR;97.8;2.0;
FRANCE;Euro;EUR;97.8;2.0;
FRENCH GUIANA;Euro;EUR;9.78;2.0;
FRENCH POLYNESIA;CFP Franc;XPF;9.53;0.0;
GABON;CFA Franc BEAC;XAF;95.0;0.0;
GAMBIA;Dalasi;GMD;2.70;2.0;
GEORGIA;Lari;GEL;98.1;2.0;
GERMANY;Euro;EUR;9.78;2.0;
GHANA;Ghana Cedi;GHS;93.6;2.0;
GIBRALTAR;Gibraltar Pound;GIP;2.92;2.0;
GREECE;Euro;EUR;9.78;2.0;
GREENLAND;Danish Krone;DKK;2.08;2.0;
GRENADA;East Caribbean Dollar;XCD;95.1;2.0;
GUADELOUPE;Euro;EUR;97.8;2.0;
GUAM;US Dollar;USD;8.40;2.0;
GUATEMALA;Quetzal;GTQ;32.0;2.0;
GUERNSEY;Pound Sterling;GBP;8.26;2.0;
GUINEA;Guinean Franc;GNF;32.4;0.0;
GUINEA-BISSAU;CFA Franc BCEAO;XOF;95.2;0.0;
GUYANA;Guyana Dollar;GYD;32.8;2.0;
HAITI;Gourde;HTG;33.2;2.0;
HAITI;US Dollar;USD;8.40;2.0;
HEARD ISLAND AND McDONALD ISLANDS;Australian Dollar;AUD;03.6;2.0;
HOLY SEE;Euro;EUR;97.8;2.0;
HONDURAS;Lempira;HNL;34.0;2.0;
HUNGARY;Forint;HUF;348;2.0;
ICELAND;Iceland Krona;ISK;35.2;0.0;
INDIA;Indian Rupee;INR;3.56;2.0;
INDONESIA;Rupiah;IDR;36.0;2.0;
IRAN (ISLAMIC REPUBLIC OF);Iranian Rial;IRR;3.64;2.0;
IRAQ;Iraqi Dinar;IQD;36.8;3;
IRELAND;Euro;EUR;97.8;2.0;
ISLE OF MAN;Pound Sterling;GBP;82.6;2.0;
ISRAEL;New Israeli Sheqel;ILS;37.6;2.0;
ITALY;Euro;EUR;97.8;2.0;
JAMAICA;Jamaican Dollar;JMD;38.8;2.0;
JAPAN;Yen;JPY;39.2;0.0;
JERSEY;Pound Sterling;GBP;82.6;2.0;
JORDAN;Jordanian Dinar;JOD;40.0;3;
KAZAKHSTAN;Tenge;KZT;39.8;2.0;
KENYA;Kenyan Shilling;KES;40.4;2.0;
KIRIBATI;Australian Dollar;AUD;03.6;2.0;
REPUBLIC OF KOREA,,KPW;40.8;2.0;
KUWAIT;Kuwaiti Dinar;KWD;41.4;3;
KYRGYZSTAN;Som;KGS;41.7;2.0;
LAO PEOPLE S DEMOCRATIC REPUBLIC;Lao Kip;LAK;41.8;2.0;
LATVIA;Euro;EUR;97.8;2.0;
LEBANON;Lebanese Pound;LBP;42.2;2.0;
LESOTHO;Loti;LSL;42.6;2.0;
LESOTHO;Rand;ZAR;71.0;2.0;
LIBERIA;Liberian Dollar;LRD;43.0;2.0;
LIBYA;Libyan Dinar;LYD;43.4;3;
LIECHTENSTEIN;Swiss Franc;CHF;75.6;2.0;
LITHUANIA;Euro;EUR;97.8;2.0;
LUXEMBOURG;Euro;EUR;97.8;2.0;
NORTH MACEDONIA;Denar;MKD;8.07;2.0;
MADAGASCAR;Malagasy Ariary;MGA;96.9;2.0;
MALAWI;Malawi Kwacha;MWK;45.4;2.0;
MALAYSIA;Malaysian Ringgit;MYR;45.8;2.0;
MALDIVES;Rufiyaa;MVR;46.2;2.0;
MALI;CFA Franc BCEAO;XOF;95.2;0.0;
MALTA;Euro;EUR;97.8;2.0;
MARSHALL ISLANDS;US Dollar;USD;84.0;2.0;
MARTINIQUE;Euro;EUR;97.8;2.0;
MAURITANIA;Ouguiya;MRU;92.9;2.0;
MAURITIUS;Mauritius Rupee;MUR;48.0;2.0;
MAYOTTE;Euro;EUR;9.78;2.0;
MEXICO;Mexican Peso;MXN;48.4;2.0;
MEXICO;Mexican Unidad de Inversion;MXV;97.9;2.0;
MONACO;Euro;EUR;97.8;2.0;
MONGOLIA;Tugrik;MNT;49.6;2.0;
MONTENEGRO;Euro;EUR;97.8;2.0;
MONTSERRAT;East Caribbean Dollar;XCD;95.1;2.0;
MOROCCO;Moroccan Dirham;MAD;5.04;2.0;
MOZAMBIQUE;Mozambique Metical;MZN;94.3;2.0;
MYANMAR;Kyat;MMK;10.4;2.0;
NAMIBIA;Namibia Dollar;NAD;51.6;2.0;
NAMIBIA;Rand;ZAR;71.0;2.0;
NAURU;Australian Dollar;AUD;0.36;2.0;
NEPAL;Nepalese Rupee;NPR;52.4;2.0;
NETHERLANDS;Euro;EUR;97.8;2.0;
NEW CALEDONIA;CFP Franc;XPF;95.3;0.0;
NEW ZEALAND;New Zealand Dollar;NZD;5.54;2.0;
NICARAGUA;Cordoba Oro;NIO;55.8;2.0;
NIGER;CFA Franc BCEAO;XOF;9.52;0.0;
NIGERIA;Naira;NGN;56.6;2.0;
NIUE;New Zealand Dollar;NZD;55.4;2.0;
NORFOLK ISLAND;Australian Dollar;AUD;0.36;2.0;
NORTHERN MARIANA ISLANDS;US Dollar;USD;84.0;2.0;
NORWAY;Norwegian Krone;NOK;57.8;2.0;
OMAN;Rial Omani;OMR;51.2;3;
PAKISTAN;Pakistan Rupee;PKR;5.86;2.0;
PALAU;US Dollar;USD;84.0;2.0;
PALESTINE; STATE OF;No universal currency;0.0;0.0;
PANAMA;Balboa;PAB;5.90;2.0;
PANAMA;US Dollar;USD;8.40;2.0;
PAPUA NEW GUINEA;Kina;PGK;59.8;2.0;
PARAGUAY;Guarani;PYG;60.0;0.0;
PERU;Sol;PEN;60.4;2.0;
PHILIPPINES;Philippine Peso;PHP;6.08;2.0;
PITCAIRN;New Zealand Dollar;NZD;55.4;2.0;
POLAND;Zloty;PLN;98.5;2.0;
PORTUGAL;Euro;EUR;9.78;2.0;
PUERTO RICO;US Dollar;USD;8.40;2.0;
QATAR;Qatari Rial;QAR;63.4;2.0;
RÉUNION;Euro;EUR;97.8;2.0;
ROMANIA;Romanian Leu;RON;9.46;2.0;
RUSSIAN FEDERATION;Russian Ruble;RUB;6.43;2.0;
RWANDA;Rwanda Franc;RWF;64.6;0.0;
SAINT BARTHÉLEMY;Euro;EUR;9.78;2.0;
SAINT HELENA; ASCENSION AND TRISTAN DA CUNHA";Saint Helena Pound;SHP;65.4;2.0;
SAINT KITTS AND NEVIS;East Caribbean Dollar;XCD;95.1;2.0;
SAINT LUCIA;East Caribbean Dollar;XCD;95.1;2.0;
SAINT MARTIN (FRENCH PART);Euro;EUR;97.8;2.0;
SAINT PIERRE AND MIQUELON;Euro;EUR;97.8;2.0;
SAINT VINCENT AND THE GRENADINES;East Caribbean Dollar;XCD;95.1;2.0;
SAMOA;Tala;WST;88.2;2.0;
SAN MARINO;Euro;EUR;97.8;2.0;
SAO TOME AND PRINCIPE;Dobra;STN;93.0;2.0;
SAUDI ARABIA;Saudi Riyal;SAR;68.2;2.0;
SENEGAL;CFA Franc BCEAO;XOF;95.2;0.0;
SERBIA;Serbian Dinar;RSD;94.1;2.0;
SEYCHELLES;Seychelles Rupee;SCR;6.90;2.0;
SIERRA LEONE;Leone;SLL;69.4;2.0;
SINGAPORE;Singapore Dollar;SGD;70.2;2.0;
SINT MAARTEN (DUTCH PART);Netherlands Antillean Guilder;ANG;53.2;2.0;
SLOVAKIA;Euro;EUR;97.8;2.0;
SLOVENIA;Euro;EUR;97.8;2.0;
SOLOMON ISLANDS;Solomon Islands Dollar;SBD;09.0;2.0;
SOMALIA;Somali Shilling;SOS;70.6;2.0;
SOUTH AFRICA;Rand;ZAR;71.0;2.0;
SOUTH SUDAN;South Sudanese Pound;SSP;72.8;2.0;
SPAIN;Euro;EUR;97.8;2.0;
SRI LANKA;Sri Lanka Rupee;LKR;14.4;2.0;
SUDAN;Sudanese Pound;SDG;93.8;2.0;
SURINAME;Surinam Dollar;SRD;96.8;2.0;
SWEDEN;Swedish Krona;SEK;75.2;2.0;
SWITZERLAND;Swiss Franc;CHF;75.6;2.0;
SWITZERLAND;WIR Euro;CHE;9.47;2.0;
SWITZERLAND;WIR Franc;CHW;94.8;2.0;
SYRIAN ARAB REPUBLIC;Syrian Pound;SYP;7.60;2.0;
TAJIKISTAN;Somoni;TJS;97.2;2.0;
TANZANIA; UNITED REPUBLIC OF;Tanzanian Shilling;TZS;83.4;2.0;
THAILAND;Baht;THB;76.4;2.0;
TIMOR-LESTE;US Dollar;USD;84.0;2.0;
TOGO;CFA Franc BCEAO;XOF;95.2;0.0;
TOKELAU;New Zealand Dollar;NZD;55.4;2.0;
TONGA;Pa'anga;TOP;77.6;2.0;
TRINIDAD AND TOBAGO;Trinidad and Tobago Dollar;TTD;78.0;2.0;
TUNISIA;Tunisian Dinar;TND;78.8;3;
TURKEY;Turkish Lira;TRY;94.9;2.0;
TURKMENISTAN;Turkmenistan New Manat;TMT;93.4;2.0;
TUVALU;Australian Dollar;AUD;03.6;2.0;
UGANDA;Uganda Shilling;UGX;80.0;0.0;
UKRAINE;Hryvnia;UAH;9.80;2.0;
UNITED ARAB EMIRATES;UAE Dirham;AED;78.4;2.0;
UNITED STATES OF AMERICA;US Dollar;USD;84.0;2.0;
URUGUAY;Peso Uruguayo;UYU;85.8;2.0;
URUGUAY;Uruguay Peso en Unidades Indexadas (UI);UYI;94.0;0.0;
URUGUAY;Unidad Previsional;UYW;92.7;4;
UZBEKISTAN;Uzbekistan Sum;UZS;86.0;2.0;
VANUATU;Vatu;VUV;54.8;0.0;
VENEZUELA (BOLIVARIAN REPUBLIC OF);Bolívar Soberano;VES;92.8;2.0;
VIET NAM;Dong;VND;70.4;0.0;
YEMEN;Yemeni Rial;YER;88.6;2.0;
ZAMBIA;Zambian Kwacha;ZMW;96.7;2.0;
ZIMBABWE;Zimbabwe Dollar;ZWL;93.2;2.0;